Step,e_fr_energy,e_wo_entrp,e_0_energy
1,-39.52623391,-39.52623391,-39.52623391
