Step,Atom,Fx,Fy,Fz,Magnitude
1,1,0.00009480,-0.03920502,0.04718222,0.06134496
1,2,-0.00013692,0.03892801,-0.04472651,0.05929477
1,3,-0.00006551,-0.02339918,-0.04691303,0.05242479
1,4,-0.00024356,0.02331483,0.05047395,0.05559910
1,5,0.00007626,-0.05339820,0.01191585,0.05471162
1,6,0.00006390,0.05412398,-0.01477728,0.05610506
1,7,0.00011611,-0.03270008,0.01990314,0.03828111
1,8,0.00009492,0.03233567,-0.02305834,0.03971513
